ratio,size_min,size_max, temp
0.171901116625764,10,49, 0
0.0410039025210945,50,199, 0
0.00856213859618965,200,400, 0
0.778532842256952,1,9, 0